names,sex
Takeila,f
Ximena,f
Heide,f
Haadiya,f
Kelana,f
Uniquea,f
Rosezena,f
Idell,f
Tasfia,f
Anah,f
Jackia,f
Korla,f
Jaylenne,f
Jeslee,f
Hla,f
Sahmya,f
Teisa,f
Jocelynne,f
Kyi,f
Kaneshia,f
Aloah,f
Latifah,f
Saynab,f
Pattsy,f
Kaniylah,f
Maydean,f
Sharaye,f
Netra,f
Noelya,f
Simiya,f
Shontaya,f
Leiya,f
Josina,f
Aketzalli,f
Emyleigh,f
Audley,f
Azelle,f
Ailise,f
Neysha,f
Deshonda,f
Moneca,f
Elinda,f
Jolenna,f
Elcy,f
Lyle,f
Lindsie,f
Mayonna,f
Niger,f
Keenyah,f
Nyila,f
Marles,f
Bettina,f
Gabrionna,f
Leland,f
Sireena,f
Twilight,f
Tamiera,f
Tait,f
Triniyah,f
Jazelle,f
Marrion,f
Quatina,f
Arin,f
Hannahrae,f
Mubina,f
Taytiana,f
Talhia,f
Sandr,f
Jillyn,f
Aletza,f
Twan,f
Yaretzie,f
Masani,f
Milele,f
Mackenzey,f
Calee,f
Janeida,f
Wilber,f
Hitzel,f
Carlisa,f
Katey,f
Azania,f
Juridia,f
Jayonah,f
Nida,f
Lizbhet,f
Keylei,f
Calin,f
Adreanne,f
Shantala,f
Kiamara,f
Rayonna,f
Miyoshi,f
Sharnece,f
Tashawnna,f
Delvina,f
Denisha,f
Evelett,f
Tylen,f
Sarajean,f
Rynn,f
Kerstyn,f
Doniyah,f
Terressa,f
Suyai,f
Ronia,f
Emmaleigh,f
Sterling,f
Anastatia,f
Resia,f
Bethanye,f
Korea,f
Amaiya,f
Sherette,f
Shaylei,f
Jocilyn,f
Ethelmay,f
Keyandra,f
Zoeyann,f
Nasim,f
Jaanai,f
Hanai,f
Donnalee,f
Tressy,f
Luchiana,f
Charlona,f
Yolinda,f
Kennia,f
Serenety,f
Curteria,f
Heylen,f
Keaundrea,f
Trisity,f
Terrylee,f
Maxie,f
Kameryn,f
Tishonna,f
Deundra,f
Teirney,f
Gavina,f
Douglass,f
Kathyria,f
Annet,f
Cithlaly,f
Mysha,f
Linly,f
Eilonwy,f
Adoree,f
Erion,f
Cydny,f
Taronza,f
Doyce,f
Dalida,f
Pema,f
Shalyce,f
Skilyn,f
Jackquelin,f
Pocahontas,f
Shauney,f
Donalynn,f
Khalila,f
Niloofar,f
Kileen,f
Aynslee,f
Maigan,f
Breckin,f
Jadey,f
Delali,f
Treshell,f
Peytyn,f
Raylin,f
Simranpreet,f
Kenasia,f
Estrella,f
Kenyla,f
Carmisha,f
Lillar,f
Aquera,f
Aleksei,f
Zoeanna,f
Srinithya,f
Roniya,f
Carmaleta,f
Johnta,f
Lelanya,f
Debbye,f
Moniq,f
Yumalai,f
Taaliba,f
Wina,f
Tesse,f
Jakaia,f
Salvador,f
Maylin,f
Ijanae,f
Sintia,f
Kyajah,f
Mackena,f
Houa,f
Karlise,f
Nagisa,f
Anajulia,f
Lata,f
Yashica,f
Moxxi,f
Evonie,f
Rheanne,f
Mariely,f
Kyarah,f
Idabell,f
Latoyo,f
Trinnity,f
Yarisel,f
Georgio,f
Waylynn,f
Lian,f
Zoeya,f
Sassy,f
Ghita,f
Saedie,f
Shinesha,f
Yaneisha,f
Laleh,f
Zekiyah,f
Mareka,f
Yanae,f
Theone,f
Khea,f
Neyamiah,f
Sadira,f
Krisia,f
Gideon,f
Caitlyne,f
Filipa,f
Genavee,f
Layni,f
Lezly,f
Wafaa,f
Ardriana,f
Solai,f
Borgny,f
Zayde,f
Tuana,f
Jache,f
Jylisa,f
Vieno,f
Ahreanna,f
Lynnlea,f
Betzayra,f
Kaleiah,f
Rissie,f
Millani,f
Lyubov,f
Beebe,f
Saydi,f
Jimmie,f
Devin,f
Landrie,f
Manie,f
Sheily,f
Aisling,f
Harshini,f
Hatice,f
Rositta,f
Lajuana,f
Evenie,f
Rosey,f
Bellasophia,f
Aleece,f
Seasons,f
Nastashia,f
Zylpha,f
Mariadelrosario,f
Nevaeha,f
Minhthu,f
Katianne,f
Montera,f
Koesha,f
Katelund,f
Davonya,f
Jashanna,f
Coco,f
Lilyann,f
Brithany,f
Taralynn,f
Dyann,f
Risako,f
Inchara,f
Mandi,f
Talmadge,f
Kavon,f
Nichola,f
Marylean,f
Mckenleigh,f
Heer,f
Deannea,f
Brileigh,f
Thekla,f
Pheona,f
Demetriana,f
Caiden,f
Kinza,f
Eloni,f
Tyneshia,f
Shaynna,f
Breanda,f
Francisquita,f
Tinya,f
Odilia,f
Omarah,f
Brooklan,f
Seroba,f
Libia,f
Shahd,f
Mural,f
Shamarion,f
Santrice,f
Leahanna,f
Aunika,f
Sariah,f
Kajuana,f
Pala,f
Binti,f
Arienna,f
Ava,f
Anias,f
Shaza,f
Cennie,f
Suan,f
Anibella,f
Naaya,f
Deisi,f
Yvonna,f
Aden,f
Giannella,f
Kashanti,f
Simren,f
Tamara,f
Mardella,f
Aneva,f
Tamishia,f
Harriot,f
Jacoya,f
Beatrix,f
Eulonda,f
Duanne,f
Deone,f
Arian,f
Orlidia,f
Thurley,f
Jorrie,f
Aruna,f
Janda,f
Emilyanne,f
Olivea,f
Cula,f
Ahleigha,f
Velinda,f
Nycia,f
Wilodyne,f
Maureen,f
Mellisha,f
Monyette,f
Shadona,f
Howard,f
Lindsi,f
Aparajita,f
Loida,f
Empress,f
Navleen,f
Haislee,f
Mckenna,f
Malayja,f
Trasi,f
Taeylor,f
Kacy,f
Zacharee,f
Aravella,f
Prissy,f
Alonah,f
Barbro,f
Shara,f
Lafonya,f
Averionna,f
Perfecta,f
Ismaela,f
Nuha,f
Augusta,f
Davianna,f
Summerlyn,f
Tiandria,f
Kambra,f
Eumeka,f
Brittish,f
Natali,f
Javian,f
Alica,f
Brelynn,f
Alsatia,f
Heneretta,f
Ermenia,f
Jawon,f
Audriauna,f
Nastasja,f
Samare,f
Melisande,f
Molinda,f
Kyianna,f
Masal,f
Sibylla,f
Makeyla,f
Rasika,f
Michaelanne,f
Jalena,f
Lajeune,f
Rimi,f
Tysheika,f
Dacoda,f
Chandrell,f
Erleen,f
Khawlah,f
Kayron,f
Dakeria,f
Janalis,f
Josepha,f
Federico,f
Altina,f
Lapatra,f
Peggylee,f
Enora,f
Elysia,f
Kessie,f
Yaindhi,f
Tatrina,f
Lauralei,f
Jennaleigh,f
Starlah,f
Charlayne,f
Britt,f
Eilis,f
Tunisia,f
Millenia,f
Pareesa,f
Coryne,f
Sarinity,f
Yesennia,f
Haydn,f
Ahlanna,f
Jhoana,f
Nazhae,f
Kanyjah,f
Ercelle,f
Valor,f
Amity,f
Alyxis,f
Hixie,f
January,f
Kendralyn,f
Dayton,f
Shaquonda,f
Prabhjot,f
Tsvia,f
Vallyn,f
Itisha,f
Shaunta,f
Suchita,f
Ellyne,f
Raynia,f
Aileene,f
Naiylah,f
Tamico,f
Sahanna,f
Brithny,f
Shahada,f
Bridy,f
Rachely,f
Adela,f
Berrie,f
Caydee,f
Marchetta,f
Barbaralee,f
Shaneaka,f
Timolin,f
Deyanna,f
Quierra,f
Jess,f
Andilynn,f
Jassmin,f
Mahlet,f
Karianna,f
Mlak,f
Tammi,f
Tayja,f
Tinnley,f
Tajuan,f
Johnita,f
Joelle,f
Joycelene,f
Agostina,f
Zelie,f
Ashlae,f
Melma,f
Tavania,f
Jacelyn,f
Francies,f
Shantora,f
Emanee,f
Heddie,f
Aliiyah,f
Tilla,f
Jamey,f
Alaysia,f
Maleesa,f
Abbygayle,f
Tamsin,f
Arceli,f
Danya,f
Tionnie,f
Shacoya,f
Briza,f
Jakila,f
Temya,f
Elee,f
Ledonna,f
Kinsley,f
Ahnaleigh,f
Semantha,f
Shaunelle,f
Sitlaly,f
Berni,f
Marysol,f
Kilian,f
Fawna,f
Ellis,f
Teyanah,f
Ilyssa,f
Natalyah,f
Shakuria,f
Vonita,f
Alijandra,f
Tajah,f
Joelina,f
Aaliana,f
Loyce,f
Yakini,f
Carilla,f
Tola,f
Vernita,f
Biaca,f
Petite,f
Konica,f
Kendra,f
Pahoua,f
Kynzleigh,f
Isidra,f
Shakemia,f
Tameke,f
Haru,f
Daveon,f
Tiffanee,f
Rumonda,f
Breshauna,f
Ong,f
Flavia,f
Tadesha,f
Arnel,f
Reshia,f
Zoha,f
Dolley,f
Ain,f
Caithlin,f
Arilyn,f
Korena,f
Breylin,f
Jaala,f
Marvely,f
Vyktoria,f
Ashleymae,f
Skylee,f
Wanell,f
Fasha,f
Tijera,f
Zamyah,f
Anacia,f
Iftu,f
Morissa,f
Leilia,f
Leani,f
Berklie,f
Sander,f
Doreene,f
Anatasia,f
Estefana,f
Carolyn,f
Latresha,f
Grethe,f
Dennise,f
Nimah,f
Nadia,f
Raejean,f
Ralisha,f
Lavilla,f
Tasharia,f
Basilia,f
Vontella,f
Quortney,f
Gianessa,f
Tearesa,f
Addylyn,f
Tikiyah,f
Janely,f
Taranika,f
Jacqulene,f
Toika,f
Tynli,f
Gisselle,f
Aireana,f
Therisa,f
Navaeha,f
Hallie,f
Kausha,f
Emilea,f
Wylie,f
Judit,f
Shaquanah,f
Avia,f
Louiza,f
Tylaysia,f
Shantaja,f
Briahnna,f
Tuongvi,f
Jerina,f
Lourdes,f
Anona,f
Margreat,f
Sachary,f
Aaryn,f
Nury,f
Sidnee,f
Quineshia,f
Claritza,f
Daeshawna,f
Rayya,f
Vickki,f
Allissia,f
Zhanelle,f
Tres,f
Richele,f
Zorka,f
Erselle,f
Chrisie,f
Imogine,f
Yurisa,f
Kirbee,f
Shy,f
Iniki,f
Deneshia,f
Rheia,f
Fiamma,f
Utopia,f
Richell,f
Markiesha,f
Nizhonii,f
Distiny,f
Laine,f
Demesha,f
Chandra,f
Cyanne,f
Fox,f
Laasia,f
Lyrissa,f
Chennelle,f
Jlaya,f
Ozioma,f
Vidala,f
Maravene,f
Danayara,f
Andrianna,f
Rupa,f
Suzann,f
Cyarra,f
Starlena,f
Darcee,f
Adelei,f
Creta,f
Amirie,f
Yamil,f
Sojourner,f
Wakita,f
Madelane,f
Evett,f
Ngina,f
Sonata,f
Katlyne,f
Latanisha,f
Daezha,f
Clytee,f
Dree,f
Terrilynne,f
Iiyana,f
Leshon,f
Tyfani,f
Billa,f
Wave,f
Tasmin,f
Ahlani,f
Ammerie,f
Delauren,f
Marlasia,f
Arthurine,f
Hiya,f
Ezelle,f
Rubystine,f
Jesstina,f
Patt,f
Surayah,f
Jerrel,f
Doshia,f
Rozilyn,f
Anishia,f
Krisalynn,f
Adrin,f
Phinley,f
Pai,f
Annettia,f
Zionne,f
Tena,f
Lakara,f
Traneshia,f
Honora,f
Odetta,f
Ronisha,f
Sheil,f
Winsome,f
Abbye,f
Malana,f
Robertia,f
Izona,f
Onie,f
Ziyon,f
Khiana,f
Brandie,f
Jini,f
Tijae,f
Nicole,f
Serra,f
Nikhila,f
Ariadne,f
Islah,f
Sable,f
Shanielle,f
Ryann,f
Jocinda,f
Mialee,f
Dardi,f
Anlly,f
Livingston,f
Veeksha,f
Damica,f
Geneiva,f
Harris,f
Faryal,f
Mistydawn,f
Rindi,f
Adreina,f
Seniqua,f
Falcon,f
Edwinna,f
Gabreial,f
Maleea,f
Vandalia,f
Eire,f
Ritvika,f
Oliviarose,f
Ozel,f
Brenli,f
Kazoua,f
Marium,f
Clairissa,f
Tyvonna,f
Alexxa,f
Graison,f
Jasicianna,f
Luwana,f
Esmae,f
Schanel,f
Marymar,f
Elanur,f
Taneya,f
Nihal,f
Arely,f
Milah,f
Velda,f
Lamira,f
Corie,f
Brenaya,f
Sweet,f
Baxley,f
Daya,f
Normagene,f
Azaireyah,f
Wedad,f
Vermont,f
Anju,f
Chrystal,f
Mistie,f
Sherrine,f
Kamore,f
Natlie,f
Erla,f
Nateyah,f
Knia,f
Saher,f
Baileigh,f
Tamauri,f
Jahziyah,f
Schelby,f
Margueriete,f
Samena,f
Cordeshia,f
Shamone,f
Lew,f
Andrean,f
Apoorva,f
Gurman,f
Neri,f
Valleri,f
Elora,f
Rechel,f
Terresa,f
Thadine,f
Donitta,f
Talayiah,f
Daimarely,f
Taquilla,f
Fareeda,f
Aralynn,f
Shadai,f
Darles,f
Tyniyah,f
Cyntoria,f
Desarae,f
Darleen,f
Imogin,f
Kistina,f
Tykisha,f
Prerna,f
Keijah,f
Lexe,f
Aureliana,f
Kimberyl,f
Leshae,f
Cassiah,f
Holleigh,f
Pacha,f
Auda,f
Findley,f
Sadieann,f
Laureen,f
Ruqaiyah,f
Cailan,f
Reilly,f
Rejeanne,f
Phillicia,f
Shakeira,f
Addisan,f
Tamyla,f
Michae,f
Makylia,f
Laianna,f
Alieen,f
Leokadja,f
Xaviera,f
Kaliah,f
Jamiya,f
Parri,f
Lameisha,f
Pomaikai,f
Sonora,f
Nickki,f
Sargun,f
Jakima,f
Branigan,f
Dorothey,f
Overa,f
Elah,f
Chynah,f
Honestii,f
Vine,f
Alexanndra,f
Murtis,f
Cortisha,f
Chelsay,f
Athalie,f
Naryia,f
Kamiyah,f
Amorah,f
Meladee,f
Katilaya,f
Lateshia,f
Jazahria,f
Eowyn,f
Laelia,f
Lenzi,f
Marlow,f
Naissa,f
Charotte,f
Dylen,f
Ranayah,f
Camila,f
Taviah,f
Jocene,f
Jaretsy,f
Lyndzey,f
Davelyn,f
Adalei,f
Denisse,f
Arleda,f
Alalah,f
Antenette,f
Zimaya,f
Honor,f
Zeyda,f
Greeley,f
Talyn,f
Shaniequa,f
Samehesha,f
Mitsuye,f
Brayana,f
Bonniejo,f
Nickea,f
Tam,f
Whittany,f
Dahn,f
Andree,f
Pavelle,f
Leannah,f
Makiesha,f
Emilyann,f
Jeremi,f
No,f
Lalicia,f
Faran,f
Kaziyah,f
Velerie,f
Phuongvy,f
Quinta,f
Gyselle,f
Dymon,f
Rayli,f
Kolleen,f
Aleyia,f
Melbra,f
Naomee,f
Marylane,f
Olwen,f
Donajean,f
Chanse,f
Tzivy,f
Vonetta,f
Tenishia,f
Chryssa,f
Delphine,f
Akaylia,f
Jalyn,f
Draizy,f
Alver,f
Kaleeyah,f
Xelha,f
Berri,f
Alischa,f
Artemisia,f
Adhley,f
Tenneill,f
Mariateresa,f
Masiya,f
Milenka,f
Theolia,f
Gracen,f
Jeaninne,f
Veleria,f
Jezabella,f
Morgane,f
Carly,f
Earleen,f
Brinlee,f
Ovalene,f
Adrainne,f
Melantha,f
Nervia,f
Agda,f
Santerria,f
Darrie,f
Terranisha,f
Sarda,f
Abrienne,f
Marnina,f
Jeweldine,f
Yanay,f
Quinncy,f
Jakiya,f
Omeisha,f
Tyara,f
Zsa,f
Lashia,f
Nachele,f
Markasia,f
Zakiya,f
Lorrinda,f
Cecillia,f
Khadijah,f
Tajanae,f
Sharl,f
Amzee,f
Mallori,f
Lachanda,f
Sula,f
Laoma,f
Camilly,f
Lanese,f
Sallyann,f
Kerria,f
Sebrina,f
Fadeelah,f
Modine,f
Lovina,f
Jovanni,f
Leilana,f
Jackson,f
Arelys,f
Arlette,f
Fadia,f
Fanniemae,f
Willmer,f
Arelene,f
Vay,f
Lashanna,f
Chrisan,f
Kimmori,f
Rosellie,f
Kherington,f
Virtue,f
Kemonie,f
Ivanah,f
Natica,f
Ocia,f
Lachel,f
Karmah,f
Terralynn,f
Deeanna,f
Tonta,f
Leslee,f
Joanie,f
Tracina,f
Chaislyn,f
Jacquese,f
Fela,f
Rebia,f
Kinnick,f
Marialisa,f
Kameko,f
Quantia,f
Eulanda,f
Jannai,f
Dewana,f
Cameca,f
Kimyra,f
Wyvette,f
Monzelle,f
Rayshell,f
Rebekah,f
Rejane,f
Sharlena,f
Keomi,f
Alishya,f
Camorah,f
Jeiza,f
Latita,f
Terenia,f
Savoeun,f
Halah,f
Desmond,f
Madielynn,f
Orrie,f
Tatym,f
Milo,f
Damarie,f
Valiyah,f
Aziza,f
Belem,f
Nezzie,f
Patrcia,f
Tanaka,f
Naquana,f
Rosemarie,f
Lilyauna,f
Wyonnia,f
Vanshika,f
Meila,f
Annzlee,f
Kedzie,f
Aalina,f
Caslyn,f
Irais,f
Arna,f
Zynah,f
Adoniah,f
Marletta,f
Jamille,f
Ailany,f
Imena,f
Annaleigha,f
Fernie,f
Annelee,f
Suhey,f
Maikia,f
Vie,f
Moani,f
Shenetra,f
Alexcis,f
Tahniya,f
Qirat,f
Resheka,f
Arlayne,f
Randene,f
Inci,f
Latica,f
Sofiana,f
Jamica,f
Marshelia,f
Alexanna,f
Clorise,f
Jacquelle,f
Londi,f
Marguree,f
Alexxys,f
Zaniiya,f
Allegra,f
Dihanna,f
Naomy,f
Jataya,f
Dewayne,f
Rickel,f
Shawndel,f
Travis,f
Caleesi,f
Emem,f
Ryilee,f
Cleora,f
Emmelyne,f
Lorese,f
Lacreshia,f
Denaisha,f
Tiniqua,f
Caris,f
Anael,f
Muslima,f
Jacquita,f
Earleene,f
Araina,f
Jamaya,f
Mital,f
Gaige,f
Carlesha,f
Janovia,f
Tyarra,f
Aerie,f
Aletse,f
Charlain,f
Keyondria,f
Simranjit,f
Eillie,f
Arion,f
Toshi,f
Likisha,f
Latoy,f
Elanda,f
Sharaya,f
Shylin,f
Alaja,f
Breindel,f
Jennieke,f
Dajsha,f
Jessimar,f
Lechia,f
Milada,f
Raima,f
Kaylia,f
Yazuri,f
Dziah,f
Leteshia,f
Jnai,f
Refugia,f
Alianis,f
Olivyah,f
Quinlyn,f
Cedricka,f
Cyniyah,f
Malakai,f
Ritney,f
Jonette,f
Darnella,f
Zamari,f
Deshya,f
Shanessa,f
Cherye,f
Lind,f
Baelynn,f
Haely,f
Morjorie,f
Jocabeth,f
Tanishia,f
Maple,f
Odessey,f
Estera,f
Whitnye,f
Marylon,f
Kahleesi,f
Athziry,f
Amalyn,f
Mauriah,f
Kinsasha,f
Magnolia,f
Alisah,f
Niketa,f
Schannon,f
Ednamay,f
Antoni,f
Rollins,f
Bernece,f
Ruqayyah,f
Laela,f
Brionca,f
Eriny,f
Anamia,f
Kenzee,f
Laylannie,f
Charee,f
Katriece,f
Jevaeh,f
Jadean,f
Hodaya,f
Angellea,f
Bryndal,f
Addisyn,f
Keshara,f
Shavera,f
Yathziri,f
Brindy,f
Sarine,f
Jordayn,f
Lashone,f
Ladaria,f
Lakeitra,f
Elveria,f
Marialyce,f
Lua,f
Chonte,f
Annalesia,f
Karil,f
Bodee,f
Aliva,f
Quanesia,f
Jacqulin,f
Jeraldy,f
Maidson,f
Berklee,f
Kashandra,f
Watasha,f
Konda,f
Jaquela,f
Antoinette,f
Aseret,f
Arika,f
Presslie,f
Elwillie,f
Ralonda,f
Sheelagh,f
Adrionna,f
Brenita,f
Beren,f
Kemisha,f
Dakhia,f
Merrin,f
Tyre,f
Afrika,f
Azareeyah,f
Roshell,f
Shayanna,f
Velvetta,f
Emagene,f
Finola,f
Icle,f
Kamyria,f
Berdean,f
Tanzia,f
Morgan,f
Mazani,f
Breindy,f
Shanequea,f
Brittney,f
Jazzmen,f
Cerese,f
Bia,f
Siearra,f
Lindsay,f
Garret,f
Victoire,f
Areah,f
Taylore,f
Lennett,f
Llanet,f
Moria,f
Cele,f
Conor,f
Pryia,f
Nakevia,f
Kartier,f
Alysianna,f
Berdella,f
Aidsa,f
Brisa,f
Jizele,f
Jenniefer,f
Gerolyn,f
Meraris,f
Summayah,f
Joangela,f
Ibis,f
Nylea,f
Onekki,f
Ellivia,f
Kateara,f
Derotha,f
Maritza,f
Rafeef,f
Keiundra,f
Alexzandra,f
Alexyss,f
Airanna,f
Tashi,f
Chantay,f
Keandria,f
Shamona,f
Somia,f
Jayliani,f
Nykesha,f
Raliyah,f
Cloria,f
Channell,f
Kanoe,f
Delephine,f
Eilene,f
Saela,f
Lytina,f
Chemeka,f
Lexah,f
Areyanna,f
Bionce,f
Gizela,f
Itzelt,f
Ethelrine,f
Shalin,f
Kine,f
Tammora,f
Onida,f
Daishia,f
Amariya,f
Karoll,f
Idelia,f
Charnissa,f
Vannida,f
Casha,f
Jaaliyah,f
Shilat,f
Dalpha,f
Daishana,f
Shauntia,f
Adalia,f
Aubreonna,f
Nekayla,f
Theada,f
Delany,f
Bennita,f
Glyndon,f
Zetha,f
Noelli,f
Avis,f
Meriem,f
Krystallynn,f
Lilliyan,f
Steffani,f
Lilac,f
Angee,f
Antolina,f
Theresea,f
Shamiya,f
Novel,f
Samuella,f
Gailynn,f
Juawana,f
Kendalle,f
Analeigh,f
Jillyan,f
Neliyah,f
Pertrina,f
Nikkita,f
Emmadell,f
Kapree,f
Bryndis,f
Maryalice,f
Jaini,f
Apache,f
Kheira,f
Estherlene,f
Malzie,f
Karenann,f
Yailene,f
Kiwanna,f
Zaiya,f
Peiton,f
Jarexy,f
Ulises,f
Aoibheann,f
Emanuela,f
Rory,f
Syrenity,f
Aubreyelle,f
Elodie,f
Zayana,f
Mashiya,f
Teosha,f
Perna,f
Saliyah,f
Shaquisha,f
Callan,f
Ruthanna,f
Ambyr,f
Aarabella,f
Torii,f
Mackenzi,f
Joselle,f
Josey,f
Olamide,f
Bo,f
Dakayla,f
Lachundra,f
Azusa,f
Blasa,f
Dartha,f
Chakia,f
Tsega,f
Valree,f
Sherricka,f
Miata,f
Adilene,f
Vantrice,f
Miraya,f
Saarah,f
Shemara,f
Ro,f
Shahrzad,f
Hortence,f
Elleanor,f
Kenzlea,f
Sarri,f
Mazey,f
Serani,f
Shalaunda,f
Allyna,f
Zhanea,f
Taquoia,f
Madrona,f
Karrissa,f
Quanette,f
Maybeline,f
Suanna,f
Gabie,f
Havan,f
Clevie,f
Thia,f
Mechele,f
Lytisha,f
Jeniqua,f
Dayanira,f
Lorell,f
Kabresha,f
Willasia,f
Jodina,f
Izabella,f
Tempe,f
Fyrn,f
Tamiracle,f
Eloise,f
Ferran,f
Jenilyn,f
Mylisa,f
Bansi,f
Jodilyn,f
Aparna,f
Teyonda,f
Starisha,f
Jarika,f
Elandra,f
Chablis,f
Jasmynn,f
Alaxandria,f
Shunda,f
Zollie,f
Delcina,f
Yeray,f
Jaheim,f
Jadaiah,f
Shereka,f
Presila,f
Manasseh,f
Daanya,f
Ashtyn,f
Bralei,f
Mykiya,f
Destanie,f
Dannilynn,f
Bhuvi,f
Kanica,f
Nyome,f
Dameron,f
Alexicia,f
Lashawnda,f
Lousia,f
Faaizah,f
Chantel,f
Lina,f
Laquenda,f
Bracie,f
Toriann,f
Ninah,f
Ellinore,f
Janay,f
Tishie,f
Tavishi,f
Hadarah,f
Eponine,f
Bayler,f
Zadee,f
Zakkiyya,f
Areyon,f
Joyana,f
Mirren,f
Gazelle,f
Annalysa,f
Tonie,f
Allyx,f
Spoorthi,f
Hasna,f
Tifney,f
Elliet,f
Zyleah,f
Amen,f
Tishay,f
Alexandrya,f
Edythe,f
Kassondra,f
Nasaya,f
Barakah,f
Kaelia,f
Jestina,f
Corolyn,f
Cailley,f
Tammy,f
Raqiya,f
Nayellie,f
Rowann,f
Abbeygail,f
Eraine,f
Alixe,f
Juda,f
Shawanna,f
Hooriya,f
Connie,f
Mashal,f
Ramayah,f
Oyuki,f
Savahna,f
Latres,f
Zoeygrace,f
Trinitie,f
Infinity,f
Lacresha,f
Dedera,f
Saidie,f
Suzie,f
Alonda,f
Pada,f
Phoenyx,f
Rudaina,f
Joilyn,f
Shatory,f
Abia,f
Nikeeta,f
Fostine,f
Taycie,f
Karoleena,f
Amillya,f
Unk,f
Keilany,f
Ivia,f
Nakiyah,f
Lillia,f
Annadell,f
Jolita,f
Marlayna,f
Margeaux,f
Julessa,f
Hazell,f
Petrona,f
Janese,f
Jaimeson,f
Varshita,f
Rily,f
Sanira,f
Kaneesha,f
Mylaya,f
Latoyra,f
Icelyn,f
Yarelys,f
Zoejane,f
Shandy,f
Jenecia,f
Idris,f
Solaine,f
Casmin,f
Tashonna,f
Zayliah,f
Takita,f
Fatmah,f
Nerlande,f
Dristy,f
Carmilla,f
Melvyn,f
Latyia,f
Ivannia,f
Tangi,f
Dreama,f
Naquanda,f
Annjane,f
Mariangeles,f
Sherunda,f
Dajane,f
Aliyan,f
Kachelle,f
Darnisha,f
Sorayah,f
Deeddra,f
Kalimba,f
Synai,f
Marchelle,f
Ziniyah,f
Michelin,f
Elliana,f
Yazmyne,f
Georgeen,f
Ingrid,f
Chrystle,f
Venna,f
Conchita,f
Dekota,f
Crystallynn,f
Yaili,f
Derna,f
Shylei,f
Betsie,f
Keilah,f
Aamiya,f
Fumi,f
Margueritt,f
Chenique,f
Neliah,f
Delaynee,f
Mocha,f
Aelynn,f
Roxana,f
Anahita,f
Anitria,f
Shauntae,f
Gaile,f
Oliviana,f
Rhyin,f
Ekene,f
Myrikal,f
Wilna,f
Brion,f
Vilia,f
Tamerra,f
Alexuss,f
Klowie,f
Lorilei,f
Aurion,f
Ambriel,f
Analey,f
Rhodella,f
Donelia,f
Eveleigh,f
Shauniece,f
Nakyra,f
Anan,f
Ametria,f
Emna,f
Quantina,f
Tahra,f
Makali,f
Donalee,f
Aldyn,f
Ronnell,f
Eulalah,f
Roberto,f
Thida,f
Cynthis,f
Syna,f
Jnia,f
Gari,f
Lynnmarie,f
Taunya,f
Deitra,f
Kareese,f
Wannette,f
March,f
Lalenia,f
Antiqua,f
Daaiyah,f
Salay,f
Arvia,f
Kaysen,f
Baelee,f
Reena,f
Theressia,f
Donalene,f
Zorianna,f
Te,f
Rosita,f
Jayia,f
Kelci,f
Eugenia,f
Leonise,f
Vinh,f
Hewan,f
Kimani,f
Greysen,f
Kimimela,f
Jozy,f
Shaqula,f
Rudeen,f
Retina,f
Anelise,f
Keirslyn,f
Yakelin,f
Carlton,f
Dejaa,f
Kalley,f
Magalie,f
Callaway,f
Jaydah,f
Ellouise,f
Lixy,f
Peja,f
Ellyce,f
Gleny,f
Hibaq,f
Condra,f
Nysha,f
Jawan,f
Midajah,f
Aunesti,f
Akeara,f
Chizaram,f
Cecyle,f
Kanise,f
Mckynley,f
Bonnielou,f
Shirin,f
Dekeshia,f
Jacinda,f
Rithu,f
Eszter,f
Chelsealynn,f
Loreen,f
Nabiha,f
Laelynn,f
Karletta,f
Celeta,f
Pati,f
Wakely,f
Karinda,f
Yhadira,f
Kamla,f
Mililani,f
Chaurice,f
Ezrie,f
Yamel,f
Zuliana,f
Syritta,f
Talullah,f
Ardath,f
Kaymi,f
Kahrin,f
Anupama,f
Lanayah,f
Genovia,f
Jeriah,f
Thomisha,f
Niveditha,f
Latova,f
Tamilyn,f
Delesha,f
Analisa,f
Earlean,f
Vassie,f
Corrie,f
Azaylee,f
Latrease,f
Ashiyah,f
Naesha,f
Julissa,f
Cameryn,f
Shun,f
Emyle,f
Lee,f
Godiva,f
Pami,f
Liam,f
Mckinley,f
Terriona,f
Arrian,f
Zara,f
Leno,f
Jyra,f
Pheobe,f
Desere,f
Othell,f
Abery,f
Britnye,f
Martisa,f
Maurika,f
Resha,f
Burla,f
Aves,f
Nasia,f
Niya,f
Makayah,f
Chauntrice,f
Julya,f
Iselda,f
Shaynah,f
Indeya,f
Brigina,f
Barbaranne,f
Caselynn,f
Tamerah,f
Saumya,f
Zmaya,f
Rianshi,f
Morrissa,f
Myosha,f
Mallissa,f
Tayte,f
Jacqulynn,f
Coraly,f
Atasia,f
Tanicha,f
Yesley,f
Magda,f
Obianuju,f
Khloey,f
Daffie,f
Baylen,f
Quashayla,f
Markia,f
Neleigh,f
Lynnley,f
Arelis,f
Lanaijah,f
Dilynn,f
Candiance,f
Eddi,f
Shielda,f
Rozlyn,f
Karliyah,f
Helayne,f
Janeah,f
Cadisha,f
Gladus,f
Giovannina,f
Kannyn,f
Chenille,f
Britney,f
Lourinda,f
Safaa,f
Jeremya,f
Nakisa,f
Calondra,f
Olivama,f
Alundra,f
Aaden,f
Shaydee,f
Shaniah,f
Jennavi,f
Madysan,f
Annye,f
Kiani,f
Kelita,f
Bruchy,f
Sharetta,f
Jermeria,f
Royce,f
Loene,f
Aylynn,f
Danine,f
Hritika,f
Yanique,f
Marte,f
Johonna,f
Lashounda,f
Tyhessia,f
Leni,f
Consandra,f
Airalynn,f
Stace,f
Kabrina,f
Kaena,f
Renita,f
Leola,f
Cia,f
Phebia,f
Renotta,f
Liahona,f
Suzane,f
Malikka,f
Seraya,f
Aneatra,f
Kindy,f
Brijette,f
Roine,f
Jyiah,f
Learta,f
Yumika,f
Anyliah,f
Nafisah,f
Carson,f
Zaily,f
Emahni,f
Maven,f
Cheral,f
Kealie,f
Meara,f
Kalysa,f
Gizem,f
Natayshia,f
Colbi,f
Apryle,f
Itzell,f
Shaneiqua,f
Shiobhan,f
Najee,f
Danait,f
Yaneli,f
Diavian,f
Lytia,f
Phalla,f
Gavriella,f
Allieanna,f
Torina,f
Sheniah,f
Nastasia,f
Margarette,f
Sharna,f
Kindsay,f
Tewana,f
Lenora,f
Iysis,f
Shellena,f
Ellette,f
Ahona,f
Dehja,f
Jemmy,f
Talissa,f
Cerenity,f
Chasie,f
Hallah,f
Aryahi,f
Kenji,f
Darresha,f
Annabellah,f
Avalina,f
Lonna,f
Rebeka,f
Amiela,f
Catine,f
Thomasa,f
Darcia,f
Reanda,f
Tajanea,f
Kihana,f
Modie,f
Quindara,f
Beverly,f
Shirlette,f
Nakaylah,f
Justina,f
Oluwatobiloba,f
Chaeli,f
Marisal,f
Prestley,f
Meztli,f
Mishayla,f
Brennan,f
Shabriel,f
Kynleigh,f
Vlora,f
Zendiya,f
Nidhi,f
Azula,f
Surya,f
Maylana,f
Vicy,f
Thomesa,f
Evamarie,f
Zanie,f
Taigan,f
Tannaz,f
Yaileen,f
Kaina,f
Willistine,f
Carsynn,f
Paelynn,f
Regla,f
Zavanna,f
Tashiyah,f
Jakyriah,f
Ashney,f
Colletta,f
Pasqualena,f
Tekoah,f
Analeesa,f
Deandre,f
Shadra,f
Sheylla,f
Zharya,f
Tristica,f
Haleah,f
Kirat,f
Tachaka,f
Tarryn,f
Saada,f
Britten,f
Jacenta,f
Madalin,f
Evynne,f
Arloine,f
Jessicka,f
Noli,f
Shacola,f
Mariss,f
Serrenity,f
Success,f
Howardine,f
Alexa,f
Jammy,f
Yayoi,f
Zanquisha,f
Nishat,f
Leyton,f
Narvelle,f
Chamille,f
Cloteal,f
Lala,f
Mignonne,f
Kellsea,f
Chaye,f
Jamily,f
Janielis,f
Masina,f
Jatziri,f
Yessenia,f
Loryanna,f
Aliceson,f
Lavert,f
Syriana,f
Renada,f
Lakeita,f
Niomi,f
Yvannah,f
Ivor,f
Delea,f
Chelise,f
Enyce,f
Anselma,f
Serianna,f
Desmonique,f
Zainb,f
Kiari,f
Jasly,f
Meller,f
Cloi,f
Bee,f
Ilesha,f
Ledawn,f
Fair,f
Aslan,f
Talynn,f
Aidan,f
Jeanette,f
Sukayna,f
Lavoyce,f
Ayleene,f
Emiliya,f
Dailey,f
Keviona,f
Shawana,f
Annee,f
Ahleeyah,f
Marihanna,f
Dedrah,f
Chelsa,f
Anvitha,f
Kateena,f
Kalyne,f
Mykel,f
Keziyah,f
Elyna,f
Jadai,f
Epiphany,f
Zeyah,f
Chlorene,f
Iliany,f
Jebria,f
Jocqueline,f
Leilene,f
Mckynlie,f
Ivet,f
Adeliz,f
Jernya,f
Cayenne,f
Dagmar,f
Nicosia,f
Quorra,f
Boots,f
Allieana,f
Nasha,f
Jameel,f
Joyful,f
Davani,f
Rolanda,f
Roshanda,f
Teonna,f
Flossie,f
Estelle,f
Shuree,f
Mercedi,f
Nadira,f
Maci,f
Kalaila,f
Diliana,f
Mistique,f
Barara,f
Dolorous,f
Sharea,f
Margarete,f
Jazzmarie,f
Edyce,f
Koko,f
Calaya,f
Paizlie,f
Tondra,f
Janalle,f
Bettylou,f
Shaquasia,f
Permelia,f
Kashiya,f
Shaunita,f
Chitina,f
Mandolin,f
Rodericka,f
Namyia,f
Shloka,f
Brigitt,f
Karagan,f
Chinetta,f
Valle,f
Chealsea,f
Sinnamon,f
Audette,f
Dolres,f
Riyanna,f
Aricela,f
Ka,f
Genever,f
Courteny,f
Eleasah,f
Roslie,f
Georgean,f
Marsi,f
Elilah,f
Scheryl,f
Shyneice,f
Saisha,f
Rossy,f
Parinita,f
Laroyce,f
Apolinar,f
Elizaeth,f
Artemis,f
Elijah,f
Manola,f
Amythyst,f
Sherrell,f
Deiana,f
Neecy,f
Lakaiya,f
Ritta,f
Makella,f
Tyonnah,f
Trianna,f
Tametra,f
Iyanni,f
Carlas,f
Martina,f
Andelynn,f
Jabri,f
Marymae,f
Vincenzia,f
Lavar,f
Barkot,f
Dashya,f
Isatu,f
Romona,f
Ahriya,f
Mavelyn,f
Jleigh,f
Laykin,f
Eisele,f
Parishay,f
Tanvi,f
Odeal,f
Sebastiana,f
Lavanda,f
Elve,f
Jerricka,f
Leea,f
Zandria,f
Marjan,f
Seslie,f
Tiese,f
Romonda,f
Vasiliki,f
Chelesea,f
Cambri,f
Birdye,f
Trevia,f
Simreet,f
Mikeia,f
Dalisa,f
Bulah,f
Valeriana,f
Batrina,f
Centeria,f
Otillia,f
Bertha,f
Amadea,f
Titiana,f
Lowanna,f
Sierra,f
Ahaana,f
Vanetta,f
Sommers,f
Donnell,f
Leelynn,f
Sakurako,f
Carroll,f
Jazabella,f
Fynnleigh,f
Flara,f
Tamasine,f
Bernia,f
Jennye,f
Azarah,f
Cassanora,f
Jazmyne,f
Sapna,f
Branisha,f
Gennelle,f
Mellani,f
Sashalee,f
Montrice,f
Jaydee,f
Khalilah,f
Ceci,f
Ceaira,f
Sharlin,f
Neveaha,f
Siobhain,f
Williamina,f
Alila,f
Lanitra,f
Toshie,f
Dustyn,f
Janiyaa,f
Alilia,f
Jamilyn,f
Saidey,f
Jenayah,f
Bethellen,f
Kanita,f
Shannikia,f
Denecia,f
Tandra,f
Maysen,f
Alnisha,f
Amiaya,f
Lenina,f
Curry,f
Dalton,f
Thien,f
Julie,f
Cambrielle,f
Dienne,f
Naariah,f
Dalijah,f
Jayelle,f
Hartlee,f
Laikin,f
Caytlyn,f
Franciene,f
Amana,f
Jaeda,f
Tykara,f
Vilena,f
Fransisca,f
Alazaya,f
Nyrissa,f
Camiah,f
Myrta,f
Reyan,f
Zaakiyah,f
Suellyn,f
Ferrell,f
Charlla,f
Masiel,f
Natelie,f
Joquita,f
Donyetta,f
Aiya,f
Kaylianna,f
Jaydon,f
Tyena,f
Tationa,f
Lula,f
Jaymya,f
Jadene,f
Tyrielle,f
Kenyonna,f
Jalaa,f
Tashia,f
Johnneisha,f
Sacred,f
Lashawda,f
Uchechi,f
Khila,f
Shanissa,f
Lovonia,f
Elrene,f
Georgiana,f
Selestine,f
Ainsleigh,f
Retaj,f
Myanah,f
Saronda,f
Nhuy,f
Yarimar,f
Shantonia,f
Krishma,f
Chrishauna,f
Sheary,f
Arrya,f
Jaselynn,f
Lynnly,f
Onelia,f
Kurston,f
Laquicha,f
Annecy,f
Lowana,f
Amii,f
Abiyah,f
Symphany,f
Stephanic,f
Markevia,f
Merrell,f
Shatyra,f
Kristyan,f
Sophiarose,f
Chaqueta,f
Nandita,f
Rexann,f
Manila,f
Devonte,f
Pfeiffer,f
Sebella,f
Noehly,f
Elrita,f
Zaelynn,f
Adiba,f
Tollie,f
Darrel,f
Ayssa,f
Shanila,f
Annaclara,f
Eulene,f
Kadience,f
Talli,f
Tunja,f
Marleyjane,f
Toia,f
Eulogia,f
Music,f
Cydney,f
Lelandra,f
Lanequa,f
Villa,f
Vernitta,f
Aelisa,f
Yasiah,f
Yatzil,f
Kmiya,f
Mariadel,f
Mayetta,f
Harline,f
Leyan,f
Tiffy,f
Catera,f
Bentley,f
Florean,f
Calliegh,f
Kandys,f
Kaygen,f
Preciousa,f
Ethleen,f
Lindamarie,f
Ceilidh,f
Gurlie,f
Maanya,f
Yoselynn,f
Tashika,f
Emmabelle,f
Shawntina,f
Shelene,f
Cienna,f
Jontasia,f
Vadis,f
Rupinder,f
Eimaan,f
Jakirra,f
Teshayla,f
Trcy,f
Cheris,f
Verronica,f
Katiyah,f
Taloria,f
Shetika,f
Shawndreka,f
Dominga,f
Duriyah,f
Tnisha,f
Chessica,f
Coralee,f
Aribah,f
Ofri,f
Jameila,f
Loisjean,f
Yarixsa,f
Shailynn,f
Mazari,f
Kelle,f
Kennecia,f
Roizy,f
Tenille,f
Ervene,f
Prentiss,f
Kimbery,f
Yoko,f
Penina,f
Romika,f
Theresaann,f
Ursaline,f
Cattina,f
Lili,f
Adebola,f
Khyara,f
Roda,f
Marlon,f
Tahni,f
Amekia,f
Shellby,f
Kazimir,m
Jayston,m
Momodou,m
Jerrud,m
Devel,m
Gabby,m
Jahongir,m
Lenley,m
Ibrahem,m
Murphey,m
Nikolus,m
Marvelle,m
Johnadam,m
Atavion,m
Finis,m
Levitt,m
Tawsif,m
Armeen,m
Kevian,m
Mando,m
Rodrigue,m
Given,m
Valencia,m
Bosten,m
Reyly,m
Elvyn,m
Demario,m
Jakeb,m
Garbiel,m
Jante,m
Edgar,m
Armistead,m
Raja,m
Corgan,m
Tyla,m
Jiancarlos,m
Pioet,m
Franky,m
Elmus,m
Xaver,m
Dionysius,m
Alyre,m
Genuine,m
Rishab,m
Givanni,m
Tabitha,m
Stven,m
Loranza,m
Elmont,m
Averyn,m
Trauis,m
Braydn,m
Zaydan,m
Numan,m
Ezariah,m
Harveer,m
Keaten,m
Antinio,m
Rajiv,m
Kainin,m
Franchot,m
Markeveon,m
Khristian,m
Cori,m
Argenis,m
Monterio,m
Booker,m
Chevis,m
Nahin,m
Darhyl,m
Macon,m
Kyriakos,m
Cobie,m
Gabriela,m
Yehonatan,m
Neylan,m
Jaymier,m
Addyson,m
Enriquez,m
Loretta,m
Roberson,m
Keveen,m
Damitri,m
Valery,m
Myah,m
Basheer,m
Jahrod,m
Ruffus,m
Qusay,m
Teodulo,m
Tason,m
Roxie,m
Wakinyan,m
Edi,m
Chazten,m
Kaori,m
Nipun,m
Aryes,m
Nohl,m
Ernal,m
Jeidyn,m
Sameed,m
Marqell,m
Soroush,m
Damion,m
Oriel,m
Nimish,m
Mikel,m
Kohan,m
Jayvone,m
Alexzandar,m
Mekael,m
Benzion,m
Jelani,m
Ethanial,m
Taro,m
Maika,m
Jakob,m
Dilworth,m
Rossi,m
Boede,m
Shamal,m
Raemon,m
Sylester,m
Trysten,m
Hershal,m
Rathana,m
Davidalexander,m
Tasha,m
Shannon,m
Ignasio,m
Io,m
Kanai,m
Oakes,m
Chrishawn,m
Jophy,m
Antonios,m
Tanuj,m
Jonas,m
Zhivago,m
Jayvien,m
Tobiloba,m
Charlles,m
Julian,m
Haneef,m
Jaquise,m
Ekene,m
Gabriella,m
Momin,m
Kellam,m
Branlee,m
Devondrick,m
Clen,m
Seddrick,m
Don,m
Christen,m
Hyder,m
Vence,m
Alyn,m
Zymire,m
Inesh,m
Sahir,m
Sahith,m
Arzjon,m
Kalaeb,m
Tione,m
Oza,m
Sollie,m
Ralf,m
Itay,m
Cinque,m
Eryc,m
Kimathi,m
Cato,m
Johao,m
Kalet,m
Orvall,m
Athony,m
Chinelo,m
Shantel,m
Jartavious,m
Leyland,m
Ezekiah,m
Rozell,m
Jean,m
Jerett,m
Sing,m
Jabrien,m
Bradlie,m
Loranzo,m
Teven,m
Matsuo,m
Ethann,m
Ladislado,m
Thomass,m
Holman,m
Edenilson,m
Johntavious,m
Wilson,m
Karma,m
Haram,m
Desean,m
Kipp,m
Renard,m
Fredy,m
Bisher,m
Romas,m
Thadus,m
Atharv,m
Orvie,m
Jaheir,m
Loy,m
Heinrich,m
Peirce,m
Amaan,m
Nasere,m
Welcome,m
Jakobey,m
Jossie,m
Ajhani,m
Dennell,m
Constantine,m
Yahya,m
Zymarion,m
Daegon,m
Aamari,m
Gustaf,m
Brennon,m
Armanni,m
Bienvenido,m
Alhan,m
Buckey,m
Arber,m
Rameir,m
Demeco,m
Kevinmatthew,m
Shivam,m
Donevan,m
Heliodoro,m
Tailyn,m
Baptiste,m
Manik,m
Roger,m
Jannie,m
Eldor,m
Guiseppi,m
Dontonio,m
Raz,m
Kayvien,m
Miran,m
Jahiel,m
Khaleem,m
Berle,m
Gabe,m
Ralphy,m
Cleaster,m
Ethane,m
Darrio,m
Colyn,m
Lavarius,m
Jammie,m
Maslah,m
Cherokee,m
Taeron,m
Nesta,m
Tonny,m
Kaili,m
Michaelryan,m
Murle,m
Earn,m
Breckon,m
Ariana,m
Effie,m
Neaven,m
Dontrea,m
Horatio,m
Quavius,m
Layson,m
Avrie,m
Calebe,m
Lann,m
Carlosjr,m
Leigham,m
Elbert,m
Lenix,m
Brette,m
Maricio,m
Damarte,m
Michale,m
Kierson,m
Peyten,m
Tylar,m
Lathaniel,m
Rylon,m
Jahzir,m
Jaxtyn,m
Rahquan,m
Kias,m
Aiman,m
Jhamir,m
Trowa,m
Vachon,m
Paycen,m
Ivanhoe,m
Peron,m
Gagik,m
Bengt,m
Ores,m
Deston,m
Markeice,m
Marcous,m
Chuckie,m
Skeet,m
Dequinton,m
Baylan,m
Ashe,m
Faaz,m
Yunus,m
Casmir,m
Detravion,m
Donnovin,m
Quoc,m
Rendon,m
Fontaine,m
Benas,m
Tiron,m
Bart,m
Iniyan,m
Cristan,m
Jemauri,m
Cedell,m
Gabriyel,m
Quintay,m
Lamarco,m
Orell,m
Jatory,m
Sumedh,m
Bryon,m
Kaizen,m
Kylik,m
Kermon,m
Tetsu,m
Dazmon,m
Talen,m
Taqi,m
Teryon,m
Ieuan,m
Carold,m
Tyzer,m
Khaos,m
Daviel,m
Lens,m
Seville,m
Murat,m
Dandrell,m
Bayle,m
Press,m
Chyenne,m
Jacobalexander,m
Temple,m
Magno,m
Chaunce,m
Dujuan,m
Joban,m
Joseandres,m
Keri,m
Octabio,m
Gaibriel,m
Diamond,m
Aidynn,m
Pate,m
Kushagra,m
Jaleel,m
Kline,m
Jamesly,m
Derryon,m
Donaldo,m
Aabid,m
Kohlby,m
Keishawn,m
Estelle,m
Manvil,m
Kebron,m
Jibreal,m
Midian,m
Shuaib,m
Georgie,m
Aveon,m
Ples,m
Chan,m
Kentley,m
Jonathna,m
Victoriano,m
Orrin,m
Aiyden,m
Khodee,m
Galon,m
Sajan,m
Arvene,m
Thomias,m
Zaydin,m
Atrayu,m
Asension,m
Cid,m
Jionnie,m
Hilding,m
Mashon,m
Ralique,m
Jovontae,m
Ojany,m
Dell,m
Coke,m
Filex,m
Arvel,m
Rifat,m
Eduin,m
Avneet,m
Navarius,m
Krishen,m
Arshaun,m
Kjuan,m
Hirsch,m
Sudhanva,m
Therald,m
Sea,m
Khouri,m
Kealon,m
Karar,m
Neer,m
Levarr,m
Wash,m
Gurnoor,m
Juvon,m
Janson,m
Jaymon,m
Ahkeem,m
Pauljoseph,m
Kwali,m
Velton,m
Jarious,m
Kamali,m
Edker,m
Atreu,m
Ramee,m
Jahaziel,m
Elno,m
Jabreon,m
Kingstun,m
Rehan,m
Coulter,m
Blade,m
Galyn,m
Shaughn,m
Ayyan,m
Andruw,m
Keegon,m
Enrigue,m
Darlene,m
Redrick,m
Jekhari,m
Deker,m
Surya,m
Omid,m
Kevinn,m
Julienne,m
Maura,m
Vihan,m
Stevenray,m
Mahd,m
Brunson,m
Petrus,m
Cristoval,m
Cashon,m
Adlar,m
Ava,m
Johnothan,m
Brandonray,m
Muaad,m
Walford,m
Afrim,m
Tarick,m
Anel,m
Izmael,m
Santez,m
Naheem,m
Lemark,m
Rozel,m
Mykol,m
Yarnell,m
Ausitn,m
Hilal,m
Laylen,m
Estle,m
Jameis,m
Manfredo,m
Davidjames,m
Chinemerem,m
Mackenzy,m
Taiki,m
Earnst,m
Laim,m
Catello,m
Kaysin,m
Dimas,m
Kwasi,m
Iyan,m
Delmos,m
Aveion,m
Kavya,m
Chinh,m
Eustacio,m
Hamdi,m
Kevontae,m
Ubong,m
Jorgeantonio,m
Kohyn,m
Oliver,m
Arlee,m
Mas,m
Jashawn,m
Aarron,m
Jamisyn,m
Burnard,m
Jdyn,m
Anthory,m
Rohan,m
Tyreck,m
Rexall,m
Andrw,m
Evaan,m
Raschad,m
Lagregory,m
Augusta,m
Edwar,m
Marcusanthony,m
Emarii,m
Jakiel,m
Alistair,m
Fiyinfoluwa,m
Daisy,m
Lakai,m
Karsin,m
Isiaha,m
Wataru,m
Travonta,m
Zaul,m
Yadriel,m
Latavian,m
Samone,m
Dink,m
Dreshon,m
Rawle,m
Madrid,m
Kohlton,m
Kazuya,m
Japaul,m
Severio,m
Lorne,m
Rahshan,m
Tykell,m
Keith,m
Abubacar,m
Keiten,m
Yassen,m
Aiydan,m
Sewall,m
Watkins,m
Mcneal,m
Mahlon,m
Kizzy,m
Moxon,m
Saylor,m
Mitcheal,m
Tymeek,m
Bailen,m
Villard,m
Simms,m
Paddy,m
Braiden,m
Snithik,m
Jerrad,m
Brandonmichael,m
Juanita,m
Uri,m
Louka,m
Kasson,m
Agam,m
Wasim,m
Zaeem,m
Tauheed,m
Shahzeb,m
Toriono,m
Hershy,m
Tama,m
Husani,m
Bryley,m
Kevontre,m
Jshon,m
Skylen,m
Tatiana,m
Tresor,m
Izzak,m
Deontra,m
Blaidyn,m
Emiel,m
Theon,m
Corwyn,m
Vachan,m
Jabier,m
Benaiah,m
Wasco,m
Ido,m
Ledaniel,m
Akil,m
Garet,m
Ghais,m
Edis,m
Ismael,m
Lasean,m
Fredys,m
Destry,m
Dubois,m
Raymere,m
Thelmon,m
Jmari,m
Gibram,m
Marquiss,m
Sharva,m
Dundre,m
Ezri,m
Chevy,m
Kwamaine,m
Cengiz,m
Jaspyr,m
Arcenio,m
Derec,m
Zevi,m
Domminick,m
Isidro,m
Esly,m
Jahin,m
Rokeem,m
Quintan,m
Simcha,m
Royace,m
Kuol,m
Ishman,m
Caio,m
Kamrun,m
Acesyn,m
Hardee,m
Benny,m
Luigino,m
Matteo,m
Habraham,m
Elizardo,m
Caisen,m
Kerman,m
Mcdaniel,m
Alshawn,m
Lelon,m
Tabious,m
Eliasz,m
Durie,m
Huy,m
Culver,m
Adorian,m
Tayvien,m
Morry,m
Darrius,m
Jonjon,m
Jaggyr,m
Xylus,m
Alaster,m
Zimir,m
Maywood,m
Koleby,m
Kiry,m
Fadel,m
Yaret,m
Joenathan,m
Benjamon,m
Jahseir,m
Shlomie,m
Kimario,m
Jasear,m
Keldon,m
Jorome,m
Bria,m
Eliecer,m
Jakkia,m
Vikesh,m
Kyson,m
Ashly,m
Jermario,m
Rem,m
Evo,m
Jeromee,m
Russelle,m
Laney,m
Ramazan,m
Aris,m
Tiegan,m
Yehia,m
Helam,m
Rizwan,m
Reuben,m
Ashdon,m
Jahzon,m
Gather,m
Blessed,m
Dwan,m
Igor,m
Argonne,m
Neo,m
Carina,m
Caydon,m
Jesiyah,m
Audiel,m
Aadvik,m
Kaylib,m
Ish,m
Bleu,m
Deterrion,m
Abdurrahim,m
Exzavier,m
Zymier,m
Evangelos,m
Eino,m
Marqual,m
Elsie,m
Elam,m
Ramier,m
Daqwon,m
Arlanda,m
Sao,m
Thair,m
Adisa,m
Shahbaz,m
Azra,m
Charlesanthony,m
Ezequias,m
Ayomide,m
Bray,m
Pharell,m
Felton,m
Kolya,m
Cromwell,m
Cherron,m
Wahab,m
Shilo,m
Luisandro,m
Deremy,m
Olatunji,m
Mckenley,m
Gerson,m
Jahaud,m
Lamare,m
Laderius,m
Jamirr,m
Markease,m
Kunj,m
Kashen,m
Tziah,m
Markus,m
Vitaly,m
Shanchez,m
Okla,m
Jacody,m
Maheer,m
Matthais,m
Kiah,m
Braven,m
The,m
Juandiego,m
Zakee,m
Erskine,m
Kewuan,m
Dumont,m
Latavion,m
Othan,m
Shloma,m
Izack,m
Aleric,m
Aureliano,m
Alandis,m
Boots,m
Munib,m
Delvan,m
Jquan,m
Kenrie,m
Leilan,m
Gottlob,m
Loreto,m
Martaveon,m
Dayqwan,m
Shawndre,m
Giacomo,m
Jeron,m
Pharoah,m
Odene,m
Trystn,m
Damaree,m
Aadil,m
Skylin,m
Trejohn,m
Dycen,m
Millerd,m
Cristino,m
Dayan,m
Chap,m
Nichoas,m
Alexix,m
Geoffery,m
Daemond,m
Josua,m
Kalu,m
Ashlon,m
Nyzair,m
Dannyel,m
Demone,m
Dietrick,m
Marckos,m
Ethel,m
Zyshonne,m
Emonte,m
Tydarious,m
Jaworski,m
Deshon,m
Hilda,m
Brandis,m
Autumn,m
Yaciel,m
Peregrin,m
Tilman,m
Yancey,m
Shyheim,m
Arquan,m
Elysia,m
Rajab,m
Alie,m
Bynum,m
Annon,m
Bj,m
Javiel,m
Pantalion,m
Pasquale,m
Sankey,m
Yannuel,m
Isaack,m
Marik,m
Joshaua,m
Jernard,m
Nathanyl,m
Pesach,m
Dayleon,m
Sarith,m
Jhue,m
Norrin,m
Hendricks,m
Justn,m
Preston,m
Dene,m
Vineeth,m
Ivyl,m
Sofia,m
Rondre,m
Bryshawn,m
Samee,m
Laksh,m
Ricardo,m
Zyrese,m
Yaden,m
Andrzej,m
Ahmauri,m
Ryze,m
Daylen,m
Nowa,m
Daejion,m
Beaumont,m
Shack,m
Corin,m
Tyrane,m
Raynal,m
Loran,m
Sully,m
Kiernan,m
Juelle,m
Murdoc,m
Micahi,m
Farrad,m
Isabel,m
Vertis,m
Dearis,m
Karsyn,m
Elfred,m
Shondre,m
Darhl,m
Jamile,m
Katherine,m
Tunis,m
Taigon,m
Vedaant,m
Murrel,m
Quincey,m
Phabian,m
Adem,m
Asmir,m
Kaesyn,m
Raygan,m
Wc,m
Coden,m
Lynwood,m
Charies,m
Xzayvian,m
Taj,m
Quandarious,m
Welch,m
Danielle,m
Yuma,m
Elonzo,m
Karmelo,m
Kruise,m
Eddrick,m
Yonic,m
Larren,m
Teagin,m
Amanti,m
Hayato,m
Joseff,m
Traeshaun,m
Adilene,m
Tevan,m
Beny,m
Yifan,m
Squire,m
Otley,m
Cohlton,m
Saji,m
Chaquille,m
Dakin,m
Relic,m
Oriah,m
Josaphat,m
Marquian,m
Antion,m
Zaviyon,m
Ossiel,m
Koleman,m
Wymon,m
Canan,m
Angelo,m
Vida,m
Clellan,m
Salamon,m
Simione,m
Vershon,m
Levie,m
Ayaansh,m
Drian,m
Brode,m
Kahlid,m
Olice,m
Dvir,m
Jaushua,m
Lerico,m
Delphis,m
Jaydel,m
Abdulmalik,m
Diogenes,m
Cleveland,m
Selig,m
Tyberious,m
Clarince,m
Ladell,m
Jeff,m
Natalino,m
Charlas,m
Jamaury,m
Johan,m
Trueman,m
Socorro,m
Donjuan,m
Cloyse,m
Macklan,m
Israel,m
Martino,m
Aquill,m
Khian,m
Willis,m
Garen,m
Vasean,m
Jaquaveon,m
Elzo,m
Yosvany,m
Waylyn,m
Adriyel,m
Claudine,m
Mathews,m
Jaiman,m
Regnald,m
Jamaad,m
Chaderick,m
Emerie,m
Lyfe,m
Leandrae,m
Jalenn,m
Zayland,m
Vinit,m
Ledell,m
Wilkins,m
Ruckus,m
Tremayne,m
Mouhammad,m
Dauntay,m
Valdean,m
Knoxville,m
Shuhei,m
Colie,m
Laythan,m
Amey,m
Zyaun,m
Rohith,m
Emanual,m
Malcom,m
Nevon,m
Laroyce,m
Raymarion,m
Cire,m
Jaylyne,m
Lotanna,m
Shadron,m
Rayland,m
Petro,m
Narong,m
Daytron,m
Chou,m
Mather,m
Bernell,m
Garwin,m
Tomario,m
Joeseph,m
Kenin,m
Kelso,m
Richand,m
Adedayo,m
Danil,m
Selso,m
Khayyam,m
Aneel,m
Elison,m
Taejzon,m
Marhsall,m
Jatavis,m
Tadao,m
Kenner,m
Haku,m
Levester,m
Tayon,m
Jacquese,m
Shaddai,m
Mayowa,m
Seger,m
Demerius,m
Payman,m
Keola,m
Jonnathan,m
Soterios,m
Allexander,m
Jamone,m
Rayo,m
Arne,m
Kiaan,m
Khairi,m
Juvonte,m
Kamalani,m
Luisgerardo,m
Morty,m
Gilberto,m
Costas,m
Jahmire,m
Logahn,m
Dhruva,m
Verner,m
Rafiel,m
Taequan,m
Vonnie,m
Zavier,m
Karthik,m
Boyde,m
Alwaleed,m
Soichi,m
Delquan,m
Jefferi,m
Lamor,m
Regen,m
Devonti,m
Bascum,m
Leonell,m
Uvaldo,m
Arnell,m
Saam,m
Adilson,m
Sehej,m
Javohn,m
Adidas,m
Harjaap,m
Narin,m
Eliodoro,m
Labron,m
Fritz,m
Kamara,m
Jocephus,m
Hersch,m
Lehmon,m
Manard,m
Alphus,m
Alfard,m
Barron,m
Gaynard,m
Raydrick,m
Mathiew,m
Xiong,m
Aedyn,m
Hildreth,m
Coal,m
Avinash,m
Zaveon,m
Stephenson,m
Michaeljames,m
Matus,m
Ayeden,m
Lajarvis,m
Colbin,m
Vicki,m
Mikye,m
Nesbitt,m
Quadarrius,m
Basit,m
Jamikal,m
Jimi,m
Marvin,m
Beattie,m
Earmel,m
Korben,m
Dristen,m
Jakhi,m
Cleatus,m
Huxton,m
Matan,m
Torron,m
Kaimani,m
Brentton,m
Vandiver,m
Marquavious,m
Sota,m
Rowdy,m
Alfonse,m
Patterson,m
Faheem,m
Yassin,m
Ahrian,m
Ahadu,m
Kaikea,m
Rushon,m
Seven,m
Tyrez,m
Krystal,m
Andreco,m
Ed,m
Kaveesh,m
Seren,m
Bernhard,m
Devone,m
Armany,m
Lj,m
Zykei,m
Reshard,m
Nhat,m
Kaido,m
Lavern,m
Iory,m
Tupac,m
Jaimie,m
Anthon,m
Elyon,m
Cardis,m
Jahyr,m
Tahitoa,m
Izekiel,m
Jaronn,m
Cordarius,m
Lucanus,m
Tavern,m
Cael,m
Daman,m
Cort,m
Lasaro,m
Breylen,m
Exton,m
Coilin,m
Shabd,m
Neel,m
Kairo,m
Manford,m
Obdulio,m
Toney,m
Graydon,m
Sabastian,m
Dyvion,m
Matti,m
Deaudre,m
Ottaway,m
Shannan,m
Keshan,m
Rajen,m
Clouis,m
Inman,m
Adhemar,m
Oney,m
Kiro,m
Myion,m
Laquintin,m
Darmon,m
Sudip,m
Esque,m
Reece,m
Zamani,m
Taydin,m
Arvester,m
Markee,m
Javarion,m
Shadrack,m
Zarrion,m
Ernist,m
Maricus,m
Weymouth,m
Khaydin,m
Harvis,m
Kennan,m
Jeremey,m
Alay,m
Dillon,m
Rami,m
Kodiak,m
Ilya,m
Daniyal,m
Latrez,m
Daquandre,m
Kobby,m
Enoch,m
Brister,m
Merit,m
Maier,m
Katelyn,m
Alastair,m
Volvi,m
Keaun,m
Dawud,m
Randy,m
Lauro,m
Mycah,m
Elysha,m
Vonte,m
Dakai,m
Graison,m
Javiere,m
Myquan,m
Suhan,m
Anthonyjames,m
Tiberius,m
Gwilym,m
Bimal,m
Fischer,m
Jaicen,m
Edwell,m
Joson,m
Artem,m
Chamel,m
Yan,m
Dequantez,m
Rayyan,m
Danell,m
Ezio,m
Jaymichael,m
Basil,m
Jorn,m
Jahbari,m
Caz,m
Iyon,m
Melchizedek,m
Demante,m
Mclaren,m
Takuto,m
Cruze,m
Gamalier,m
Melfred,m
Chesney,m
Soorya,m
Azzure,m
Zamareon,m
Ryheim,m
Raelan,m
Ngawang,m
Briceson,m
Khoen,m
Fortunato,m
Mumin,m
Jeloni,m
Verdi,m
Thamer,m
Gillette,m
Ederick,m
Saul,m
Indie,m
Clarnece,m
Manuel,m
Chayse,m
Duryea,m
Seals,m
Keontre,m
Ricado,m
Guinness,m
Jordy,m
Lotis,m
Jarhett,m
Jaiyon,m
Murell,m
Gerzon,m
Jeeva,m
Arben,m
Windom,m
Rashem,m
Truitt,m
Alexandro,m
Hamdan,m
Quadair,m
Torell,m
Rodney,m
Sakhi,m
Lawrence,m
Dyllian,m
Laquon,m
Tiran,m
Quamarion,m
Jerron,m
Amistad,m
Annis,m
Shakar,m
Josif,m
Nola,m
Gadsden,m
Petronilo,m
Ashai,m
Khotan,m
Faizal,m
Baboucarr,m
Nicholi,m
Edwinn,m
Elizjah,m
Lincoln,m
Taylorjames,m
Kyeir,m
Aquavion,m
Omario,m
Jermarion,m
Matthieu,m
Yandriel,m
Wilho,m
Abshir,m
Kammeron,m
Purcell,m
Marlon,m
Tanush,m
Wilfried,m
Demarreon,m
Jaason,m
Colan,m
Quantavius,m
Maximilian,m
Eashan,m
Lebarron,m
Mikell,m
Karrien,m
Camryn,m
Nuchem,m
Mehmed,m
Celestin,m
Ashdyn,m
Kyven,m
Raybert,m
Raghib,m
Idi,m
Shrish,m
Analu,m
Clive,m
Jerami,m
Dioni,m
Iago,m
Felipedejesus,m
Sonja,m
Brij,m
Lanston,m
Samael,m
Shael,m
Benjiman,m
Terrio,m
Tjuan,m
Shyheem,m
Seabron,m
Mobeen,m
Tarak,m
Virlyn,m
Elius,m
Kadarian,m
Zuhayr,m
Vontavius,m
Ambers,m
Johnnyjoe,m
Court,m
Morris,m
Jermanie,m
Matvei,m
Purdy,m
Josemanuel,m
Xzaveon,m
Shahaan,m
Laanthony,m
Jvaughn,m
Renfred,m
Brexton,m
Styler,m
Randloph,m
Alecxis,m
Naresh,m
Baudel,m
Jairo,m
Ceferino,m
Avidan,m
Bane,m
Clinton,m
Turan,m
Makaio,m
Kaynen,m
Queshon,m
Abir,m
Phalen,m
Bohdi,m
Chase,m
Aud,m
Tarvin,m
Kaydon,m
Chibuike,m
Hendry,m
Allijah,m
Vice,m
Dristan,m
Jildardo,m
Cova,m
Kalai,m
Corby,m
Dreden,m
Darryon,m
Dontay,m
Coury,m
Yuuki,m
Marlen,m
Osmel,m
Katin,m
Shaheer,m
Kernie,m
Seabrook,m
Amile,m
Denon,m
Izeyah,m
Franis,m
Dhiraj,m
Burr,m
Lannis,m
Itzae,m
Rasmus,m
Martrell,m
Tome,m
Yeshaya,m
Ski,m
Dalan,m
Elric,m
Bostyn,m
Jahkobe,m
Camaury,m
Dylan,m
Hamir,m
Tytrell,m
Reggy,m
Billal,m
Jorgeluis,m
Jakerion,m
Jeramya,m
Cheyney,m
Oshai,m
Vennie,m
Devlyn,m
Dearl,m
Shaqueal,m
Lyles,m
Patrisio,m
Harry,m
Jovone,m
Calden,m
Eusevio,m
Cardon,m
Chamarion,m
Denley,m
Farin,m
Rees,m
Treanthony,m
Aweis,m
Aramys,m
Bocar,m
Eternal,m
Verton,m
Dekota,m
Phyllip,m
Francie,m
Siran,m
Naftula,m
Kolbi,m
Riccardo,m
Melbourn,m
Sandip,m
Chanceller,m
Jaiceon,m
Trevone,m
Akzel,m
Nickie,m
Jerymiah,m
Ranald,m
Noahalexander,m
Adron,m
Moustafa,m
Vinh,m
Fleming,m
Skyy,m
Aalijah,m
Larrey,m
Revon,m
Khamar,m
Brodderick,m
Barnard,m
Tamel,m
Jaxzon,m
Andrek,m
Bernando,m
Leavy,m
Zacharia,m
Jexiel,m
Lucciano,m
Sariel,m
Kaegen,m
Markess,m
Geovannie,m
Rayshaun,m
Suhaib,m
Daina,m
Roxen,m
Lancing,m
Jobani,m
Dmitris,m
Iliyan,m
Jaymason,m
Alli,m
Demon,m
Domenic,m
Vondrell,m
Jacky,m
Alban,m
Dhru,m
Villa,m
Enri,m
Kidus,m
Jayshon,m
Amaud,m
Tyreace,m
Rakib,m
Kionne,m
Joaquim,m
Arvol,m
Dakwon,m
Demerick,m
Jamhal,m
Kadian,m
Eun,m
Mateyo,m
Jeane,m
Waymond,m
Mcadoo,m
Pacey,m
Gersain,m
Jorah,m
Cristien,m
Orhan,m
Randarius,m
Sareth,m
Jysiah,m
Bobbi,m
Rustan,m
Jimmy,m
Tyjir,m
Vicente,m
Fujio,m
Taim,m
Derrion,m
Rolf,m
Derrico,m
Merion,m
Taimak,m
Leviticus,m
Skyyler,m
Dmar,m
Brendell,m
Iwao,m
Fermon,m
Kramer,m
Simranjit,m
Zaylen,m
Stalyn,m
Shadarius,m
Jequan,m
Anakin,m
Helios,m
Tirth,m
Mekkhi,m
Mori,m
Marin,m
Segio,m
Lindburg,m
Josephmichael,m
Zaier,m
Raedyn,m
Romon,m
Subhaan,m
Loid,m
Fredricks,m
Scion,m
Lenward,m
Juan,m
Jordano,m
Savage,m
Vivien,m
Jamell,m
Jarmell,m
Deajon,m
Danek,m
Jyon,m
Bayne,m
Roberick,m
Damyron,m
Boice,m
Lewayne,m
Garland,m
Omega,m
Tawhid,m
Adryel,m
Nainoa,m
Stephen,m
Alonzia,m
Yuval,m
Calik,m
Dajahn,m
Akachi,m
Rameek,m
Jaheim,m
Justas,m
Shanta,m
Namish,m
Cailum,m
Briceton,m
Chanse,m
Tigh,m
Amaje,m
Chante,m
Jarell,m
Talmage,m
Hasan,m
Delphine,m
Nijae,m
Mitchum,m
Briley,m
Kersey,m
Kaishawn,m
Adreon,m
Miguelangelo,m
Ardi,m
Rj,m
Glenny,m
Matilda,m
Yance,m
Trasen,m
Izaiha,m
Gavon,m
Ludwik,m
Juniel,m
Fredreick,m
Gertis,m
Haydn,m
Kalex,m
Andi,m
Pong,m
Armanti,m
Ramzee,m
Jeong,m
Ritter,m
Chimere,m
Aarn,m
Quendarious,m
Kwmane,m
Gabril,m
Coltn,m
Mylek,m
Tresean,m
Dray,m
Vassar,m
Krishal,m
Levion,m
Carlyn,m
Cornelieus,m
Dryden,m
Autry,m
Leeander,m
Bobo,m
Jameel,m
Trai,m
Adryn,m
Mykola,m
Krush,m
Haasan,m
Hervie,m
Davuan,m
Alexcis,m
Krisna,m
Erikk,m
Xylar,m
Eudy,m
Rajit,m
Kweku,m
Yesenia,m
Tavita,m
Levance,m
Clarissa,m
Davondre,m
Xian,m
Dartanian,m
Vaughan,m
Jahdiel,m
Shaw,m
Robbi,m
Makael,m
Kirill,m
Tilmer,m
Jsaon,m
Shaune,m
Jimere,m
Marlowe,m
Bryin,m
Jawann,m
Zygmund,m
Jovahn,m
Kian,m
Rontae,m
Cleat,m
Quadir,m
Tayjuan,m
Kazuo,m
Euin,m
Damari,m
Lukkas,m
Terryn,m
Tyrelle,m
Abriel,m
Josphe,m
Anquan,m
Phinley,m
Elver,m
Anari,m
Alperen,m
Mari,m
Dyllon,m
Jermani,m
Laronn,m
Rameer,m
Noboru,m
Philibert,m
Crecencio,m
Dayion,m
Kenyetta,m
Alano,m
Zamarian,m
Rufino,m
Williom,m
Briden,m
Klinton,m
Gerld,m
Dorus,m
Willer,m
Waris,m
Shaunmichael,m
Ikram,m
Shakai,m
Vali,m
Zakarey,m
Jonanthony,m
Maruin,m
Nnaemeka,m
Samraj,m
Langdon,m
Irland,m
Larwence,m
Madix,m
Dontrae,m
Boysie,m
Shawnmichael,m
Zedek,m
Jaywon,m
Bhavik,m
Rush,m
Damarious,m
Finau,m
Exavier,m
Aldon,m
Ahron,m
Jevaughn,m
Lamoni,m
Rader,m
Traymon,m
Summie,m
Kavari,m
Resean,m
Darcey,m
Nthan,m
Raimundo,m
Colen,m
Dimitry,m
Chanc,m
Shanika,m
Darivs,m
Tomaz,m
De,m
Homar,m
Kedarious,m
Carsyn,m
Prabin,m
Dontevion,m
Elgie,m
Marcin,m
Colston,m
Rosaire,m
Jazayvion,m
Canton,m
Dasaan,m
Jams,m
Geovanne,m
Hiro,m
Laderrion,m
Dejhon,m
Dare,m
Amarr,m
Anker,m
Johnathan,m
Shumel,m
Chip,m
Mykale,m
Michigan,m
Lawaun,m
Lace,m
Francesca,m
Bentely,m
Dwann,m
Jeriod,m
Sanjiv,m
Gedalia,m
Akito,m
Kaleigh,m
Saddam,m
Reinardo,m
Zaiven,m
Amisadai,m
Bilguun,m
Lawren,m
Jaharie,m
Ashrith,m
Nail,m
Quantel,m
Torianno,m
Kahil,m
Dishawn,m
Qalid,m
Naiim,m
Tyeler,m
Johnavon,m
Isami,m
Junyi,m
King,m
Adonys,m
Keyvion,m
Kristofe,m
Xiang,m
Saleem,m
Symon,m
Rueger,m
Genard,m
Udell,m
Corney,m
Carrson,m
Izac,m
Samaj,m
Sohrob,m
Juanmartin,m
Doren,m
Zamire,m
Ronrico,m
Haygen,m
Ezekiel,m
Dominga,m
Audelio,m
Allateef,m
Zakhary,m
Kaeshawn,m
Ortiz,m
Jamiyl,m
Drayten,m
Keiser,m
Aloys,m
Aviral,m
Dajour,m
Novak,m
Kyu,m
Kimani,m
Jaxxyn,m
Yarley,m
Valdis,m
Amerion,m
Edsell,m
Keene,m
Yengkong,m
Zackeriah,m
Adolfo,m
Esgar,m
Hoyd,m
Altan,m
Tadarrius,m
Quint,m
Larrion,m
Lido,m
Aloisius,m
Toure,m
Raelynn,m
Dorwin,m
Normando,m
Jyhiem,m
Nahiem,m
Iram,m
Alister,m
Shaquil,m
Pramod,m
Datrion,m
Eaven,m
Alexus,m
Deyan,m
Kaviyon,m
Zecharia,m
Edro,m
Iancarlo,m
Felice,m
Rasha,m
Marcquis,m
Laderian,m
Emile,m
Sumukh,m
Luismario,m
Verlie,m
Ronnelle,m
Vernet,m
Iddo,m
Beaux,m
Aideen,m
Dyrk,m
Markeal,m
Chew,m
Reynard,m
Meritt,m
Alezandro,m
Michoel,m
Kilbourne,m
Jaquantae,m
Saher,m
Vagas,m
Tyre,m
Ryman,m
Danta,m
Treyvor,m
Ridha,m
Asahel,m
Sherif,m
Ethaneal,m
Zymeer,m
Buryl,m
Erivan,m
Nicolae,m
Keshawn,m
Jadn,m
Alain,m
Senecca,m
Abdel,m
Rhonda,m
Deronta,m
Lamaris,m
Robley,m
Kindall,m
Jeryl,m
Warwick,m
Abdirizak,m
Zamil,m
Ronold,m
Kajaun,m
Ryshaun,m
Shin,m
Eastman,m
Shequan,m
Mikayla,m
Kamariyon,m
Evay,m
Tavon,m
Stetson,m
Rydel,m
Aage,m
Emyr,m
Shaan,m
Cordes,m
Jayden,m
Tyveon,m
Yaxye,m
Keijuan,m
Shirrel,m
Steward,m
Adahy,m
Roma,m
Kilyn,m
Hitesh,m
Deklen,m
Ovidio,m
Guztavo,m
Courtnay,m
Donta,m
Jamaree,m
Aldie,m
Yoexis,m
Boss,m
Dual,m
Rinaldo,m
Eziah,m
Dmari,m
Lash,m
Kavone,m
Zailyn,m
Almonza,m
Karas,m
Shaquill,m
Alpheus,m
Sergiojr,m
Cordero,m
Talal,m
Secundino,m
Lg,m
Oladimeji,m
Traelon,m
Tyvonne,m
Giani,m
Braxten,m
Dajun,m
Montanna,m
Dondi,m
Jetziel,m
Leshaun,m
Nickohlas,m
Decimus,m
Braison,m
Selwyn,m
Martinis,m
Jezer,m
Martes,m
Jaelynn,m
Cloude,m
Oree,m
Jordynn,m
Nickson,m
Hantz,m
Jakaden,m
Emri,m
Deziah,m
Maxum,m
Sincear,m
Broly,m
Kendahl,m
Ahaziah,m
Soham,m
Ralon,m
Tyller,m
Dyrell,m
Zyir,m
Shakobe,m
Caven,m
Aarit,m
Jatavien,m
Gustav,m
Max,m
Jahkhi,m
Greogry,m
Aedin,m
Daniell,m
Hashir,m
Raul,m
Ishant,m
Kenterrius,m
Nickolaos,m
Erney,m
Arbin,m
Chancelor,m
Aryeh,m
Timaeus,m
Yasser,m
Cagney,m
Devaun,m
Paras,m
Colbyn,m
Haowen,m
Priyam,m
Tyreef,m
Yuya,m
Mellon,m
Shaqwan,m
Declyn,m
Dayvien,m
Jaking,m
Kais,m
Avyukt,m
Tahji,m
Elmon,m
Barri,m
Gold,m
Ricko,m
Deyshaun,m
Calyb,m
Jeryme,m
Vidyut,m
Serenity,m
Kahron,m
Jadynn,m
Eugne,m
Lukus,m
Jaleal,m
Gerrad,m
Tania,m
Kiyel,m
Jarvaris,m
Burnet,m
Johntell,m
Nordahl,m
Therese,m
Cregg,m
Swanson,m
Montgomery,m
Lent,m
Lason,m
Babe,m
Field,m
Elonte,m
Peary,m
Seangabriel,m
Emilio,m
Godfrey,m
Abdihamid,m
Malicah,m
Willfredo,m
Herrick,m
Tomo,m
Oluwatise,m
Cloy,m
Othoniel,m
Jovonn,m
Enrike,m
Nance,m
Dandridge,m
Nyxon,m
Williamjames,m
Mort,m
Jwyanza,m
Sebastyan,m
Arlondo,m
Sylvesta,m
Ehtan,m
Damonni,m
Rhea,m
Chiam,m
Jacquon,m
Santino,m
Layla,m
Clevie,m
Levane,m
Hong,m
Daviontae,m
Octavious,m
Chibueze,m
Trinton,m
Lequentin,m
Maricela,m
Teron,m
Dheer,m
Andrue,m
Jaquest,m
Jatinder,m
Renner,m
Enock,m
Halil,m
Kamarien,m
Nickita,m
Jonchristopher,m
Jeffrie,m
Afif,m
Christopherjose,m
Gerrid,m
Cresenciano,m
Jaheed,m
Lawyer,m
Ronak,m
Jarvion,m
Anival,m
Andris,m
Grayson,m
Shah,m
Luisantonio,m
Anthuan,m
Santonio,m
Jung,m
Lovelle,m
Detavius,m
Cyruss,m
Vardell,m
Beverly,m
Pepper,m
Dodger,m
Kainen,m
Trejon,m
Suren,m
Wialliam,m
Yechiel,m
Algird,m
Donoven,m
Hanley,m
Joquin,m
Jerritt,m
Dyani,m
Kimber,m
Myreon,m
Ronta,m
Johon,m
Blayten,m
Kunal,m
Landell,m
Aurther,m
Avree,m
Mysean,m
Clemons,m
Carolyn,m
Cinch,m
Juston,m
Taji,m
Kajuan,m
Willies,m
Tiziano,m
Abraheem,m
Kdyn,m
Jodeci,m
Shanice,m
Manjot,m
Admiral,m
Tryon,m
Durland,m
Danh,m
Shaen,m
Tyjay,m
Lynkon,m
Lian,m
Sharone,m
Lamareon,m
Quintavious,m
Yassine,m
Alphee,m
Gerald,m
Sinuhe,m
Birl,m
Ode,m
Gene,m
Jaquavion,m
Carlon,m
Americo,m
Bexton,m
Jave,m
Crosley,m
Grenville,m
Tauhid,m
Adekunle,m
Andrae,m
Jervis,m
Ziyun,m
Maijor,m
Laterrion,m
Samit,m
Holley,m
Pinchos,m
Joshuadaniel,m
Ladarrian,m
Brayn,m
Abdulkareem,m
Shantrell,m
Ghabriel,m
Gedalya,m
Leona,m
Osbaldo,m
Donzell,m
Dujon,m
Sadarion,m
Abas,m
Kurby,m
Rayven,m
Dimetri,m
Mozes,m
Tyreque,m
Vai,m
Taliek,m
Kohl,m
Mustafa,m
Hughy,m
Gerren,m
Jhancarlos,m
Oleksandr,m
Garlond,m
Aarjav,m
Daryus,m
Erine,m
Colwyn,m
Ryeland,m
Sadeeq,m
Ausbon,m
Colben,m
Damori,m
Kolsyn,m
Josuel,m
Loveless,m
Aza,m
Daimeon,m
Jhordy,m
Kardell,m
Shray,m
Richman,m
Neely,m
Jonn,m
Deljuan,m
Jassen,m
Shrenik,m
Edwad,m
Jery,m
Sarbjot,m
Kiros,m
Rell,m
Danae,m
Dejah,m
Dashiel,m
Radoslav,m
Graig,m
Donaldson,m
Gurdeep,m
Sonny,m
Lamond,m
Amjad,m
Thaddeus,m
Monique,m
Brendyn,m
Guess,m
Lawrnce,m
Shayna,m
Hoai,m
Tavist,m
Tugg,m
Gurinder,m
Ethanael,m
Rhonan,m
Bennington,m
Yoniel,m
Elishua,m
Curlee,m
Coby,m
Hewitt,m
Kip,m
Roget,m
Nabhan,m
Lehman,m
Leondre,m
Oshaye,m
Monico,m
Melech,m
Daelen,m
Ayinde,m
Jociel,m
Blaney,m
Forever,m
Forde,m
Yousaf,m
Juanjesus,m
Osbie,m
Seneca,m
Advaith,m
Jaysten,m
Ossie,m
Yoslan,m
Eastan,m
Cainan,m
Benzel,m
Nayib,m
Makiel,m
Kermit,m
Birt,m
Kavi,m
Ohagi,m
Qian,m
Lindsay,m
Dravin,m
Benjmain,m
Ballard,m
Efton,m
Clayton,m
Lajayceon,m
Rocco,m
Roth,m
Abdulazeez,m
Braylee,m
Luby,m
Jasion,m
Yonni,m
Edier,m
Maxwill,m
Quinlan,m
Machenzie,m
Derious,m
Hadin,m
Avont,m
Nacari,m
Zyhier,m
Traquez,m
Khalani,m
Bunyan,m
Kion,m
Triandos,m
Kamareon,m
Tarran,m
Uziel,m
Austyn,m
Raheam,m
Dracy,m
Kaseton,m
Daxton,m
Tymothy,m
Codi,m
Karanveer,m
Masatoshi,m
Jodie,m
Moyses,m
Philippe,m
Kaveen,m
Aahaan,m
Fain,m
Jing,m
Jaasiel,m
Katlin,m
Obrien,m
Tuvia,m
Jaccari,m
Tuff,m
Madelyn,m
Chastan,m
Darrious,m
Adynn,m
Banner,m
Jahmere,m
Jyquavious,m
Ervey,m
Nihar,m
Mazen,m
Prather,m
Karsen,m
Lucas,m
